PRICE $,BEDS,BATHS,SQFT,LOTSIZE,LOTUNIT,SIZE,HtY,HtY %,STREET,CITY/TOWN,STATE,ZIP,LINK
"1,188,000",2,1.5,-,2996,sqft lot,2996,-,-,1818 32nd Ave,San Francisco,CA,94122,https://www.realtor.com/realestateandhomes-detail/1818-32nd-Ave_San-Francisco_CA_94122_M17892-40362
"2,600,000",3,2.5,2490,2996,sqft lot,2996,1.2,0.83,262 32nd Ave,San Francisco,CA,94121,https://www.realtor.com/realestateandhomes-detail/262-32nd-Ave_San-Francisco_CA_94121_M24211-93066
"2,600,000",4,3.5,2420,2996,sqft lot,2996,1.24,0.81,675 23rd Ave,San Francisco,CA,94121,https://www.realtor.com/realestateandhomes-detail/675-23rd-Ave_San-Francisco_CA_94121_M29213-39280
"1,295,000",3,1.0,1680,2495,sqft lot,2495,1.49,0.67,1255 Potrero Ave,San Francisco,CA,94110,https://www.realtor.com/realestateandhomes-detail/1255-Potrero-Ave_San-Francisco_CA_94110_M21500-15100
"995,000",2,2.0,1242,1875,sqft lot,1875,1.51,0.66,293 Joost Ave,San Francisco,CA,94131,https://www.realtor.com/realestateandhomes-detail/293-Joost-Ave_San-Francisco_CA_94131_M12267-91789
"1,995,000",3,2.5,-,1500,sqft lot,1500,-,-,515 Webster St,San Francisco,CA,94117,https://www.realtor.com/realestateandhomes-detail/515-Webster-St_San-Francisco_CA_94117_M22935-68585
"7,200,000",6,3.5,5550,3222,sqft lot,3222,0.58,1.72,3007 Jackson St,San Francisco,CA,94115,https://www.realtor.com/realestateandhomes-detail/3007-Jackson-St_San-Francisco_CA_94115_M23334-71850
"749,000",2,1.0,980,2500,sqft lot,2500,2.55,0.39,120 Rolph St,San Francisco,CA,94112,https://www.realtor.com/realestateandhomes-detail/120-Rolph-St_San-Francisco_CA_94112_M15043-97167
"1,199,000",5,3.0,2289,2565,sqft lot,2565,1.12,0.89,2250 Cecilia Ave,San Francisco,CA,94116,https://www.realtor.com/realestateandhomes-detail/2250-Cecilia-Ave_San-Francisco_CA_94116_M17731-41475
"1,995,000",3,2.0,1905,2996,sqft lot,2996,1.57,0.64,666 3rd Ave,San Francisco,CA,94118,https://www.realtor.com/realestateandhomes-detail/666-3rd-Ave_San-Francisco_CA_94118_M17914-24531
"1,195,000",3,2.5,1664,2065,sqft lot,2065,1.24,0.81,295 Kalmanovitz St,San Francisco,CA,94124,https://www.realtor.com/realestateandhomes-detail/295-Kalmanovitz-St_San-Francisco_CA_94124_M10075-04462
"1,895,000",3,3.0,1600,2000,sqft lot,2000,1.25,0.8,3348 Folsom St,San Francisco,CA,94110,https://www.realtor.com/realestateandhomes-detail/3348-Folsom-St_San-Francisco_CA_94110_M25899-39550
"1,295,000",2,2.0,1846,2996,sqft lot,2996,1.62,0.62,2366 36th Ave,San Francisco,CA,94116,https://www.realtor.com/realestateandhomes-detail/2366-36th-Ave_San-Francisco_CA_94116_M28796-53211
"1,898,000",4,3.0,1899,3314,sqft lot,3314,1.75,0.57,171 Forest Knolls Dr,San Francisco,CA,94131,https://www.realtor.com/realestateandhomes-detail/171-Forest-Knolls-Dr_San-Francisco_CA_94131_M16152-34304
"2,998,000",5,2.0,2230,6019,sqft lot,6019,2.7,0.37,50 San Benito Way,San Francisco,CA,94127,https://www.realtor.com/realestateandhomes-detail/50-San-Benito-Way_San-Francisco_CA_94127_M18583-57313
"1,250,000",3,3.0,1528,4400,sqft lot,4400,2.88,0.35,320 Hearst Ave,San Francisco,CA,94112,https://www.realtor.com/realestateandhomes-detail/320-Hearst-Ave_San-Francisco_CA_94112_M10963-69214
"1,399,000",3,2.0,1376,2656,sqft lot,2656,1.93,0.52,410 Clayton St,San Francisco,CA,94117,https://www.realtor.com/realestateandhomes-detail/410-Clayton-St_San-Francisco_CA_94117_M91521-53335
"1,088,000",2,1.0,1876,2495,sqft lot,2495,1.33,0.75,1742 17th Ave,San Francisco,CA,94122,https://www.realtor.com/realestateandhomes-detail/1742-17th-Ave_San-Francisco_CA_94122_M11783-51138
"1,399,000",3,1.0,1376,2656,sqft lot,2656,1.93,0.52,408 Clayton St,San Francisco,CA,94117,https://www.realtor.com/realestateandhomes-detail/408-Clayton-St_San-Francisco_CA_94117_M90771-69161
"998,000",2,1.0,1008,3598,sqft lot,3598,3.57,0.28,1260 32nd Ave,San Francisco,CA,94122,https://www.realtor.com/realestateandhomes-detail/1260-32nd-Ave_San-Francisco_CA_94122_M24794-28361
"1,100,000",2,1.0,1012,1751,sqft lot,1751,1.73,0.58,1 Arbor St,San Francisco,CA,94131,https://www.realtor.com/realestateandhomes-detail/1-Arbor-St_San-Francisco_CA_94131_M13362-04596
"1,995,000",3,2.0,1814,1746,sqft lot,1746,0.96,1.04,130 Gates St,San Francisco,CA,94110,https://www.realtor.com/realestateandhomes-detail/130-Gates-St_San-Francisco_CA_94110_M20649-36953
"1,995,000",4,3.5,2210,4248,sqft lot,4248,1.92,0.52,367 Teresita Blvd,San Francisco,CA,94127,https://www.realtor.com/realestateandhomes-detail/367-Teresita-Blvd_San-Francisco_CA_94127_M13727-07550
"2,849,000",4,2.5,2600,3000,sqft lot,3000,1.15,0.87,1330 4th Ave,San Francisco,CA,94122,https://www.realtor.com/realestateandhomes-detail/1330-4th-Ave_San-Francisco_CA_94122_M27143-90129
"2,395,000",4,4.0,2389,2996,sqft lot,2996,1.25,0.8,1336 38th Ave,San Francisco,CA,94122,https://www.realtor.com/realestateandhomes-detail/1336-38th-Ave_San-Francisco_CA_94122_M28804-84434
"2,099,888",3,2.5,2020,3676,sqft lot,3676,1.82,0.55,735 Mangels Ave,San Francisco,CA,94127,https://www.realtor.com/realestateandhomes-detail/735-Mangels-Ave_San-Francisco_CA_94127_M10041-47042
"799,000",3,1.0,1400,2247,sqft lot,2247,1.6,0.62,3230 Jennings St,San Francisco,CA,94124,https://www.realtor.com/realestateandhomes-detail/3230-Jennings-St_San-Francisco_CA_94124_M23326-55484
"1,459,000",3,1.0,1470,,,-,-,-,1967 9th Ave,San Francisco,CA,94116,https://www.realtor.com/realestateandhomes-detail/1967-9th-Ave_San-Francisco_CA_94116_M19220-30287
"999,000",2,1.0,750,1300,sqft lot,1300,1.73,0.58,283 Madrid St,San Francisco,CA,94112,https://www.realtor.com/realestateandhomes-detail/283-Madrid-St_San-Francisco_CA_94112_M28792-98222
"1,195,000",3,2.0,1159,2996,sqft lot,2996,2.58,0.39,2051 32nd Ave,San Francisco,CA,94116,https://www.realtor.com/realestateandhomes-detail/2051-32nd-Ave_San-Francisco_CA_94116_M28782-37105
"1,899,000",3,2.0,2126,3410,sqft lot,3410,1.6,0.62,115 Dalewood Way,San Francisco,CA,94127,https://www.realtor.com/realestateandhomes-detail/115-Dalewood-Way_San-Francisco_CA_94127_M15360-06910
"1,495,000",3,2.0,-,2121,sqft lot,2121,-,-,303 Bocana St,San Francisco,CA,94110,https://www.realtor.com/realestateandhomes-detail/303-Bocana-St_San-Francisco_CA_94110_M16102-06550
"1,288,888",3,2.0,1513,3136,sqft lot,3136,2.07,0.48,131 Everglade Dr,San Francisco,CA,94132,https://www.realtor.com/realestateandhomes-detail/131-Everglade-Dr_San-Francisco_CA_94132_M15528-31520
"1,380,000",2,1.0,840,1947,sqft lot,1947,2.32,0.43,503 Hoffman Ave,San Francisco,CA,94114,https://www.realtor.com/realestateandhomes-detail/503-Hoffman-Ave_San-Francisco_CA_94114_M24764-79277
"3,799,000",5,3.5,2874,2996,sqft lot,2996,1.04,0.96,255 17th Ave,San Francisco,CA,94121,https://www.realtor.com/realestateandhomes-detail/255-17th-Ave_San-Francisco_CA_94121_M19440-39938
"1,295,000",2,1.0,1390,2805,sqft lot,2805,2.02,0.5,160 Eucalyptus Dr,San Francisco,CA,94132,https://www.realtor.com/realestateandhomes-detail/160-Eucalyptus-Dr_San-Francisco_CA_94132_M16028-42415
"1,095,000",3,1.0,1160,1751,sqft lot,1751,1.51,0.66,800 Dartmouth St,San Francisco,CA,94134,https://www.realtor.com/realestateandhomes-detail/800-Dartmouth-St_San-Francisco_CA_94134_M13555-94259
"1,695,000",2,1.5,1250,1188,sqft lot,1188,0.95,1.05,217 Hartford St,San Francisco,CA,94114,https://www.realtor.com/realestateandhomes-detail/217-Hartford-St_San-Francisco_CA_94114_M11069-15475
"3,200,000",4,2.5,2392,2848,sqft lot,2848,1.19,0.84,3847 21st St,San Francisco,CA,94114,https://www.realtor.com/realestateandhomes-detail/3847-21st-St_San-Francisco_CA_94114_M13516-78186
"1,998,000",4,4.0,2721,2500,sqft lot,2500,0.92,1.09,3234 Anza St,San Francisco,CA,94121,https://www.realtor.com/realestateandhomes-detail/3234-Anza-St_San-Francisco_CA_94121_M10085-41611
"829,000",3,1.0,1435,2495,sqft lot,2495,1.74,0.58,1410 Newcomb Ave,San Francisco,CA,94124,https://www.realtor.com/realestateandhomes-detail/1410-Newcomb-Ave_San-Francisco_CA_94124_M27316-99196
"2,195,000",4,3.0,1920,2375,sqft lot,2375,1.24,0.81,785 39th Ave,San Francisco,CA,94121,https://www.realtor.com/realestateandhomes-detail/785-39th-Ave_San-Francisco_CA_94121_M16921-10794
"1,595,000",3,1.5,1011,2400,sqft lot,2400,2.37,0.42,2076 Great Hwy,San Francisco,CA,94116,https://www.realtor.com/realestateandhomes-detail/2076-Great-Hwy_San-Francisco_CA_94116_M26631-00819
"1,195,000",3,2.0,1203,2600,sqft lot,2600,2.16,0.46,1731 48th Ave,San Francisco,CA,94122,https://www.realtor.com/realestateandhomes-detail/1731-48th-Ave_San-Francisco_CA_94122_M29269-92331
"2,495,000",5,4.0,-,2500,sqft lot,2500,-,-,2595 14th Ave,San Francisco,CA,94127,https://www.realtor.com/realestateandhomes-detail/2595-14th-Ave_San-Francisco_CA_94127_M19923-39748
"1,299,000",4,2.0,1907,2500,sqft lot,2500,1.31,0.76,446 Paris St,San Francisco,CA,94112,https://www.realtor.com/realestateandhomes-detail/446-Paris-St_San-Francisco_CA_94112_M28896-95420
"899,000",2,1.0,950,1751,sqft lot,1751,1.84,0.54,378 Somerset St,San Francisco,CA,94134,https://www.realtor.com/realestateandhomes-detail/378-Somerset-St_San-Francisco_CA_94134_M18956-86382
"2,555,000",3,2.5,2881,0.25,acre lot,10890,3.78,0.26,95 Robinhood Dr,San Francisco,CA,94127,https://www.realtor.com/realestateandhomes-detail/95-Robinhood-Dr_San-Francisco_CA_94127_M28016-70115
"5,250,000",3,2.5,2740,1872,sqft lot,1872,0.68,1.46,139 Cherry St,San Francisco,CA,94118,https://www.realtor.com/realestateandhomes-detail/139-Cherry-St_San-Francisco_CA_94118_M27330-08579
"2,800,000",9,7.5,6390,2896,sqft lot,2896,0.45,2.21,228 Vicksburg St,San Francisco,CA,94114,https://www.realtor.com/realestateandhomes-detail/228-Vicksburg-St_San-Francisco_CA_94114_M21673-92402
"895,000",2,2.0,1648,2496,sqft lot,2496,1.51,0.66,1383 Revere Ave,San Francisco,CA,94124,https://www.realtor.com/realestateandhomes-detail/1383-Revere-Ave_San-Francisco_CA_94124_M10501-85339
"2,795,000",4,3.5,4090,3422,sqft lot,3422,0.84,1.2,60 Laidley St,San Francisco,CA,94131,https://www.realtor.com/realestateandhomes-detail/60-Laidley-St_San-Francisco_CA_94131_M14854-31214
"1,350,000",3,2.0,1250,2495,sqft lot,2495,2.0,0.5,25 Rolph St,San Francisco,CA,94112,https://www.realtor.com/realestateandhomes-detail/25-Rolph-St_San-Francisco_CA_94112_M18099-77896
"2,995,000",3,2.5,2594,3114,sqft lot,3114,1.2,0.83,44 Levant St,San Francisco,CA,94114,https://www.realtor.com/realestateandhomes-detail/44-Levant-St_San-Francisco_CA_94114_M21481-11388
"1,850,000",4,3.0,2570,8359,sqft lot,8359,3.25,0.31,45 Entrada Ct,San Francisco,CA,94127,https://www.realtor.com/realestateandhomes-detail/45-Entrada-Ct_San-Francisco_CA_94127_M17561-54502
"849,000",3,2.0,1200,2500,sqft lot,2500,2.08,0.48,81 Alpha St,San Francisco,CA,94134,https://www.realtor.com/realestateandhomes-detail/81-Alpha-St_San-Francisco_CA_94134_M26765-34229
"6,300,000",3,3.5,3320,3438,sqft lot,3438,1.04,0.97,2763 Green St,San Francisco,CA,94123,https://www.realtor.com/realestateandhomes-detail/2763-Green-St_San-Francisco_CA_94123_M22680-41415
"3,295,000",4,3.5,2797,2510,sqft lot,2510,0.9,1.11,264 Surrey St,San Francisco,CA,94131,https://www.realtor.com/realestateandhomes-detail/264-Surrey-St_San-Francisco_CA_94131_M24663-05674
"4,495,000",2,2.5,2860,2495,sqft lot,2495,0.87,1.15,26 Graystone Ter,San Francisco,CA,94114,https://www.realtor.com/realestateandhomes-detail/26-Graystone-Ter_San-Francisco_CA_94114_M17278-51982
"1,500,000",3,2.0,1540,2996,sqft lot,2996,1.95,0.51,1771 22nd Ave,San Francisco,CA,94122,https://www.realtor.com/realestateandhomes-detail/1771-22nd-Ave_San-Francisco_CA_94122_M17860-84129
"775,000",1,1.0,-,3498,sqft lot,3498,-,-,716 2nd Ave Apt 5,San Francisco,CA,94118,https://www.realtor.com/realestateandhomes-detail/716-2nd-Ave-Apt-5_San-Francisco_CA_94118_M17861-46309
"5,150,000",6,4.5,3798,,,-,-,-,3368-3370 22nd St,San Francisco,CA,94110,https://www.realtor.com/realestateandhomes-detail/3370-22nd-St_San-Francisco_CA_94110_M28224-15872
"1,488,000",2,1.0,960,3332,sqft lot,3332,3.47,0.29,50 Midcrest Way,San Francisco,CA,94131,https://www.realtor.com/realestateandhomes-detail/50-Midcrest-Way_San-Francisco_CA_94131_M19739-93532
"1,150,000",3,2.0,1296,2696,sqft lot,2696,2.08,0.48,1983 18th Ave,San Francisco,CA,94116,https://www.realtor.com/realestateandhomes-detail/1983-18th-Ave_San-Francisco_CA_94116_M28297-54114
"998,000",2,1.0,950,2495,sqft lot,2495,2.63,0.38,175 Brompton Ave,San Francisco,CA,94131,https://www.realtor.com/realestateandhomes-detail/175-Brompton-Ave_San-Francisco_CA_94131_M19620-22941
"1,850,000",4,2.0,1610,1750,sqft lot,1750,1.09,0.92,44 Bonview St,San Francisco,CA,94110,https://www.realtor.com/realestateandhomes-detail/44-Bonview-St_San-Francisco_CA_94110_M21163-26688
"1,695,000",4,2.5,1966,2321,sqft lot,2321,1.18,0.85,30 Berkeley Way,San Francisco,CA,94131,https://www.realtor.com/realestateandhomes-detail/30-Berkeley-Way_San-Francisco_CA_94131_M12809-27831
"11,000,000",4,4.5,4616,2770,sqft lot,2770,0.6,1.67,3880 Jackson St,San Francisco,CA,94118,https://www.realtor.com/realestateandhomes-detail/3880-Jackson-St_San-Francisco_CA_94118_M26412-97094
"1,998,000",5,3.0,2890,,,-,-,-,1578 33rd Ave,San Francisco,CA,94122,https://www.realtor.com/realestateandhomes-detail/1578-33rd-Ave_San-Francisco_CA_94122_M15421-41269
"1,795,000",3,2.5,2226,2500,sqft lot,2500,1.12,0.89,319 Melrose Ave,San Francisco,CA,94127,https://www.realtor.com/realestateandhomes-detail/319-Melrose-Ave_San-Francisco_CA_94127_M11474-23555
"29,750,000",6,7.5,7840,5844,sqft lot,5844,0.75,1.34,2750 Vallejo St,San Francisco,CA,94123,https://www.realtor.com/realestateandhomes-detail/2750-Vallejo-St_San-Francisco_CA_94123_M24654-76377
"3,795,000",3,3.5,2569,2983,sqft lot,2983,1.16,0.86,58 Harper St,San Francisco,CA,94131,https://www.realtor.com/realestateandhomes-detail/58-Harper-St_San-Francisco_CA_94131_M22283-62632
"2,450,000",4,2.0,2380,1751,sqft lot,1751,0.74,1.36,4701 25th St,San Francisco,CA,94114,https://www.realtor.com/realestateandhomes-detail/4701-25th-St_San-Francisco_CA_94114_M10199-02648
"1,795,000",2,2.0,1505,1999,sqft lot,1999,1.33,0.75,621 27th St,San Francisco,CA,94131,https://www.realtor.com/realestateandhomes-detail/621-27th-St_San-Francisco_CA_94131_M10154-19363
"1,895,000",2,2.5,2653,8102,sqft lot,8102,3.05,0.33,545 Junipero Serra Blvd,San Francisco,CA,94127,https://www.realtor.com/realestateandhomes-detail/545-Junipero-Serra-Blvd_San-Francisco_CA_94127_M27616-38269
"6,795,000",4,4.5,3807,2750,sqft lot,2750,0.72,1.38,2570 Vallejo St,San Francisco,CA,94123,https://www.realtor.com/realestateandhomes-detail/2570-Vallejo-St_San-Francisco_CA_94123_M12856-36638
"4,650,000",3,3.0,3713,2831,sqft lot,2831,0.76,1.31,220 Danvers St,San Francisco,CA,94114,https://www.realtor.com/realestateandhomes-detail/220-Danvers-St_San-Francisco_CA_94114_M24275-68690
"2,198,000",4,2.5,2267,2495,sqft lot,2495,1.1,0.91,440 Missouri St,San Francisco,CA,94107,https://www.realtor.com/realestateandhomes-detail/440-Missouri-St_San-Francisco_CA_94107_M29069-72296
"5,495,000",3,3.5,3655,2495,sqft lot,2495,0.68,1.46,942 Noe St,San Francisco,CA,94114,https://www.realtor.com/realestateandhomes-detail/942-Noe-St_San-Francisco_CA_94114_M27920-06863
"1,699,999",3,2.0,2288,2683,sqft lot,2683,1.17,0.85,707 23rd Ave,San Francisco,CA,94121,https://www.realtor.com/realestateandhomes-detail/707-23rd-Ave_San-Francisco_CA_94121_M12049-70394
"829,000",2,1.0,1150,2495,sqft lot,2495,2.17,0.46,1776 Quesada Ave,San Francisco,CA,94124,https://www.realtor.com/realestateandhomes-detail/1776-Quesada-Ave_San-Francisco_CA_94124_M14937-99118
"1,548,000",2,1.0,1290,2996,sqft lot,2996,2.32,0.43,547 44th Ave,San Francisco,CA,94121,https://www.realtor.com/realestateandhomes-detail/547-44th-Ave_San-Francisco_CA_94121_M22282-30016
"1,195,000",2,1.5,1432,2500,sqft lot,2500,1.75,0.57,353 Park St,San Francisco,CA,94110,https://www.realtor.com/realestateandhomes-detail/353-Park-St_San-Francisco_CA_94110_M17150-35647
"1,498,000",3,2.0,-,1563,sqft lot,1563,-,-,100 Eagle St,San Francisco,CA,94114,https://www.realtor.com/realestateandhomes-detail/100-Eagle-St_San-Francisco_CA_94114_M11940-54621
"1,490,000",4,2.0,1630,2500,sqft lot,2500,1.53,0.65,470 Munich St,San Francisco,CA,94112,https://www.realtor.com/realestateandhomes-detail/470-Munich-St_San-Francisco_CA_94112_M12847-51702
"1,549,888",3,2.0,1635,2404,sqft lot,2404,1.47,0.68,583 Myra Way,San Francisco,CA,94127,https://www.realtor.com/realestateandhomes-detail/583-Myra-Way_San-Francisco_CA_94127_M13968-93147
"8,995,000",5,4.5,5780,3435,sqft lot,3435,0.59,1.68,32 Julius St,San Francisco,CA,94133,https://www.realtor.com/realestateandhomes-detail/32-Julius-St_San-Francisco_CA_94133_M14694-06859
"2,388,000",4,4.0,2227,3118,sqft lot,3118,1.4,0.71,745 27th Ave,San Francisco,CA,94121,https://www.realtor.com/realestateandhomes-detail/745-27th-Ave_San-Francisco_CA_94121_M17707-79199
"2,298,000",4,3.0,2450,1881,sqft lot,1881,0.77,1.3,2230 Cabrillo St,San Francisco,CA,94121,https://www.realtor.com/realestateandhomes-detail/2230-Cabrillo-St_San-Francisco_CA_94121_M10183-42554
"1,488,000",3,2.0,1750,2063,sqft lot,2063,1.18,0.85,2087 22nd Ave,San Francisco,CA,94116,https://www.realtor.com/realestateandhomes-detail/2087-22nd-Ave_San-Francisco_CA_94116_M28597-15932
"2,998,000",4,3.5,3065,2500,sqft lot,2500,0.82,1.23,22 Roselyn Ter,San Francisco,CA,94118,https://www.realtor.com/realestateandhomes-detail/22-Roselyn-Ter_San-Francisco_CA_94118_M12046-46373
"1,999,000",4,2.0,1350,3711,sqft lot,3711,2.75,0.36,34 Keystone Way,San Francisco,CA,94127,https://www.realtor.com/realestateandhomes-detail/34-Keystone-Way_San-Francisco_CA_94127_M10556-48575
"3,898,000",3,2.5,2492,2508,sqft lot,2508,1.01,0.99,153 Avila St,San Francisco,CA,94123,https://www.realtor.com/realestateandhomes-detail/153-Avila-St_San-Francisco_CA_94123_M27843-35154
"788,000",2,1.0,1050,2996,sqft lot,2996,2.85,0.35,1026 Girard St,San Francisco,CA,94134,https://www.realtor.com/realestateandhomes-detail/1026-Girard-St_San-Francisco_CA_94134_M26028-96726
"1,559,000",3,2.5,1600,2060,sqft lot,2060,1.29,0.78,607 23rd Ave,San Francisco,CA,94121,https://www.realtor.com/realestateandhomes-detail/607-23rd-Ave_San-Francisco_CA_94121_M29973-61802
"1,299,000",2,1.0,1060,3258,sqft lot,3258,3.07,0.33,41 Sunview Dr,San Francisco,CA,94131,https://www.realtor.com/realestateandhomes-detail/41-Sunview-Dr_San-Francisco_CA_94131_M22413-39404
"899,950",3,2.0,1250,3000,sqft lot,3000,2.4,0.42,837 Girard St,San Francisco,CA,94134,https://www.realtor.com/realestateandhomes-detail/837-Girard-St_San-Francisco_CA_94134_M14529-32900
"1,795,000",5,2.5,2365,3053,sqft lot,3053,1.29,0.77,651 37th Ave,San Francisco,CA,94121,https://www.realtor.com/realestateandhomes-detail/651-37th-Ave_San-Francisco_CA_94121_M12168-58229
"1,095,000",2,1.0,1115,3000,sqft lot,3000,2.69,0.37,1519 28th Ave,San Francisco,CA,94122,https://www.realtor.com/realestateandhomes-detail/1519-28th-Ave_San-Francisco_CA_94122_M26661-30733
"995,000",2,2.0,1518,991,sqft lot,991,0.65,1.53,1895-1897 16th Ave,San Francisco,CA,94122,https://www.realtor.com/realestateandhomes-detail/1895-16th-Ave_San-Francisco_CA_94122_M22084-56321
"2,495,000",5,4.0,2875,3000,sqft lot,3000,1.04,0.96,2131 35th Ave,San Francisco,CA,94116,https://www.realtor.com/realestateandhomes-detail/2131-35th-Ave_San-Francisco_CA_94116_M15233-10596
"1,768,000",3,1.0,1100,3410,sqft lot,3410,3.1,0.32,152 Marview Way,San Francisco,CA,94131,https://www.realtor.com/realestateandhomes-detail/152-Marview-Way_San-Francisco_CA_94131_M13976-75731
"1,489,000",5,4.0,2483,3158,sqft lot,3158,1.27,0.79,11 Manor Dr,San Francisco,CA,94127,https://www.realtor.com/realestateandhomes-detail/11-Manor-Dr_San-Francisco_CA_94127_M18285-04234
"2,199,000",5,3.5,3003,7762,sqft lot,7762,2.58,0.39,2085 Ocean Ave,San Francisco,CA,94127,https://www.realtor.com/realestateandhomes-detail/2085-Ocean-Ave_San-Francisco_CA_94127_M28570-76348
"1,995,000",4,2.0,2050,1293,sqft lot,1293,0.63,1.59,125 Saturn St,San Francisco,CA,94114,https://www.realtor.com/realestateandhomes-detail/125-Saturn-St_San-Francisco_CA_94114_M14928-52949
"3,298,000",4,4.0,2865,2996,sqft lot,2996,1.05,0.96,674 3rd Ave,San Francisco,CA,94118,https://www.realtor.com/realestateandhomes-detail/674-3rd-Ave_San-Francisco_CA_94118_M19012-47264
"1,395,000",2,2.0,1595,2736,sqft lot,2736,1.72,0.58,571 Clipper St,San Francisco,CA,94114,https://www.realtor.com/realestateandhomes-detail/571-Clipper-St_San-Francisco_CA_94114_M28480-57990
"1,545,000",3,2.0,1451,3000,sqft lot,3000,2.07,0.48,1255 45th Ave,San Francisco,CA,94122,https://www.realtor.com/realestateandhomes-detail/1255-45th-Ave_San-Francisco_CA_94122_M22636-58555
"5,250,000",4,3.5,4575,4554,sqft lot,4554,1.0,1.0,2018 California St,San Francisco,CA,94109,https://www.realtor.com/realestateandhomes-detail/2018-California-St_San-Francisco_CA_94109_M13909-12926
"2,898,000",4,5.5,3075,3000,sqft lot,3000,0.98,1.02,1559 37th Ave,San Francisco,CA,94122,https://www.realtor.com/realestateandhomes-detail/1559-37th-Ave_San-Francisco_CA_94122_M15398-68047
"799,000",2,1.0,803,3125,sqft lot,3125,3.89,0.26,173 Farallones St,San Francisco,CA,94112,https://www.realtor.com/realestateandhomes-detail/173-Farallones-St_San-Francisco_CA_94112_M29135-22878
"1,300,000",2,2.5,-,4500,sqft lot,4500,-,-,733 Capitol Ave,San Francisco,CA,94112,https://www.realtor.com/realestateandhomes-detail/733-Capitol-Ave_San-Francisco_CA_94112_M26329-47597
"3,495,000",3,3.5,2815,3436,sqft lot,3436,1.22,0.82,1665 N Point St,San Francisco,CA,94123,https://www.realtor.com/realestateandhomes-detail/1665-N-Point-St_San-Francisco_CA_94123_M17687-58582
"1,198,000",4,3.5,3489,2809,sqft lot,2809,0.81,1.24,323 Monterey Blvd,San Francisco,CA,94131,https://www.realtor.com/realestateandhomes-detail/323-Monterey-Blvd_San-Francisco_CA_94131_M11883-04294
"7,750,000",5,3.5,5056,6634,sqft lot,6634,1.31,0.76,2460 Union St,San Francisco,CA,94123,https://www.realtor.com/realestateandhomes-detail/2460-Union-St_San-Francisco_CA_94123_M28736-24352
"775,000",2,1.0,1010,3900,sqft lot,3900,3.86,0.26,1292 Treat Ave,San Francisco,CA,94110,https://www.realtor.com/realestateandhomes-detail/1292-Treat-Ave_San-Francisco_CA_94110_M19964-57160
"5,275,000",4,3.5,3395,2883,sqft lot,2883,0.85,1.18,2634 Broderick St,San Francisco,CA,94123,https://www.realtor.com/realestateandhomes-detail/2634-Broderick-St_San-Francisco_CA_94123_M24686-81248
"1,995,000",3,1.0,-,4990,sqft lot,4990,-,-,315 Montcalm St,San Francisco,CA,94110,https://www.realtor.com/realestateandhomes-detail/315-Montcalm-St_San-Francisco_CA_94110_M15176-37949
"3,788,000",5,2.5,-,2168,sqft lot,2168,-,-,2442 Larkin St,San Francisco,CA,94109,https://www.realtor.com/realestateandhomes-detail/2442-Larkin-St_San-Francisco_CA_94109_M11558-31715
"849,000",2,1.0,1225,2495,sqft lot,2495,2.04,0.49,1140 Geneva Ave,San Francisco,CA,94112,https://www.realtor.com/realestateandhomes-detail/1140-Geneva-Ave_San-Francisco_CA_94112_M26219-39623
"5,865,000",5,6.5,6290,0.34,acre lot,14810,2.35,0.42,166 Yerba Buena Ave,San Francisco,CA,94127,https://www.realtor.com/realestateandhomes-detail/166-Yerba-Buena-Ave_San-Francisco_CA_94127_M21412-01352
"1,075,000",3,2.0,-,1873,sqft lot,1873,-,-,1930 Lane St,San Francisco,CA,94124,https://www.realtor.com/realestateandhomes-detail/1930-Lane-St_San-Francisco_CA_94124_M14610-79621
"1,199,000",4,3.0,1730,2813,sqft lot,2813,1.63,0.62,252 Granada Ave,San Francisco,CA,94112,https://www.realtor.com/realestateandhomes-detail/252-Granada-Ave_San-Francisco_CA_94112_M19577-63251
"2,299,000",4,3.5,2913,2500,sqft lot,2500,0.86,1.17,247-249 Edna St,San Francisco,CA,94112,https://www.realtor.com/realestateandhomes-detail/247-Edna-St_San-Francisco_CA_94112_M90214-88932
"2,298,000",4,4.0,2270,2495,sqft lot,2495,1.1,0.91,1331 Vicente St,San Francisco,CA,94116,https://www.realtor.com/realestateandhomes-detail/1331-Vicente-St_San-Francisco_CA_94116_M27680-30341
"6,800,000",5,4.5,4390,3511,sqft lot,3511,0.8,1.25,3555 Clay St,San Francisco,CA,94118,https://www.realtor.com/realestateandhomes-detail/3555-Clay-St_San-Francisco_CA_94118_M25077-35956
"1,299,000",2,1.0,947,2500,sqft lot,2500,2.64,0.38,458 Mangels Ave,San Francisco,CA,94127,https://www.realtor.com/realestateandhomes-detail/458-Mangels-Ave_San-Francisco_CA_94127_M19270-38445
"1,495,000",3,1.0,1435,2748,sqft lot,2748,1.91,0.52,1603 Treat Ave,San Francisco,CA,94110,https://www.realtor.com/realestateandhomes-detail/1603-Treat-Ave_San-Francisco_CA_94110_M18973-14744
"1,195,000",3,2.0,1450,2078,sqft lot,2078,1.43,0.7,5 Peralta Ave,San Francisco,CA,94110,https://www.realtor.com/realestateandhomes-detail/5-Peralta-Ave_San-Francisco_CA_94110_M18111-93151
"2,599,950",5,5.0,3292,2060,sqft lot,2060,0.63,1.6,1211 39th Ave,San Francisco,CA,94122,https://www.realtor.com/realestateandhomes-detail/1211-39th-Ave_San-Francisco_CA_94122_M22600-81024
"1,795,000",4,3.0,2135,2495,sqft lot,2495,1.17,0.86,553 Orizaba Ave,San Francisco,CA,94132,https://www.realtor.com/realestateandhomes-detail/553-Orizaba-Ave_San-Francisco_CA_94132_M19478-13245
"1,195,000",2,1.0,1036,3097,sqft lot,3097,2.99,0.33,230 Tocoloma Ave,San Francisco,CA,94134,https://www.realtor.com/realestateandhomes-detail/230-Tocoloma-Ave_San-Francisco_CA_94134_M26224-35452
"1,038,000",3,2.0,1530,1772,sqft lot,1772,1.16,0.86,128 Rice St,San Francisco,CA,94112,https://www.realtor.com/realestateandhomes-detail/128-Rice-St_San-Francisco_CA_94112_M11930-17473
"1,095,000",4,4.0,3566,2809,sqft lot,2809,0.79,1.27,375 Hearst Ave,San Francisco,CA,94112,https://www.realtor.com/realestateandhomes-detail/375-Hearst-Ave_San-Francisco_CA_94112_M93761-73842
"1,298,000",2,2.5,1600,3000,sqft lot,3000,1.88,0.53,2363 33rd Ave,San Francisco,CA,94116,https://www.realtor.com/realestateandhomes-detail/2363-33rd-Ave_San-Francisco_CA_94116_M15970-59896
"8,995,000",5,3.5,4990,7562,sqft lot,7562,1.52,0.66,2590 Union St,San Francisco,CA,94123,https://www.realtor.com/realestateandhomes-detail/2590-Union-St_San-Francisco_CA_94123_M25893-11104
"1,350,000",3,3.0,1879,3689,sqft lot,3689,1.96,0.51,90 Bridgeview Dr,San Francisco,CA,94124,https://www.realtor.com/realestateandhomes-detail/90-Bridgeview-Dr_San-Francisco_CA_94124_M13587-47343
"2,200,000",3,3.0,2182,2996,sqft lot,2996,1.37,0.73,1547 46th Ave,San Francisco,CA,94122,https://www.realtor.com/realestateandhomes-detail/1547-46th-Ave_San-Francisco_CA_94122_M14838-94601
"2,099,000",5,3.0,2304,2375,sqft lot,2375,1.03,0.97,1714 24th Ave,San Francisco,CA,94122,https://www.realtor.com/realestateandhomes-detail/1714-24th-Ave_San-Francisco_CA_94122_M21335-89043
"875,000",4,3.0,1400,2495,sqft lot,2495,1.78,0.56,130 Wilson Ave,San Francisco,CA,94112,https://www.realtor.com/realestateandhomes-detail/130-Wilson-St_San-Francisco_CA_94112_M11647-69888
"925,925",4,2.0,1320,3746,sqft lot,3746,2.84,0.35,44 Athens St Unit A,San Francisco,CA,94112,https://www.realtor.com/realestateandhomes-detail/44-Athens-St_San-Francisco_CA_94112_M12496-58556
"1,849,000",3,2.0,1800,1575,sqft lot,1575,0.88,1.14,2501 30th Ave,San Francisco,CA,94116,https://www.realtor.com/realestateandhomes-detail/2501-30th-Ave_San-Francisco_CA_94116_M26102-46340
"999,800",5,2.5,1662,2500,sqft lot,2500,1.5,0.66,283 Flournoy St,San Francisco,CA,94112,https://www.realtor.com/realestateandhomes-detail/283-Flournoy-St_San-Francisco_CA_94112_M28007-93402
"1,288,000",2,1.0,1024,3000,sqft lot,3000,2.93,0.34,1826 44th Ave,San Francisco,CA,94122,https://www.realtor.com/realestateandhomes-detail/1826-44th-Ave_San-Francisco_CA_94122_M26090-65203
"2,250,000",4,2.0,2380,3306,sqft lot,3306,1.39,0.72,381 Dolores St,San Francisco,CA,94110,https://www.realtor.com/realestateandhomes-detail/381-Dolores-St_San-Francisco_CA_94110_M22078-25949
"1,228,000",4,4.0,1589,2495,sqft lot,2495,1.57,0.64,575 Joost Ave,San Francisco,CA,94127,https://www.realtor.com/realestateandhomes-detail/575-Joost-Ave_San-Francisco_CA_94127_M13104-24788
"3,999,000",4,4.5,3067,2465,sqft lot,2465,0.8,1.24,116 Stanyan St,San Francisco,CA,94118,https://www.realtor.com/realestateandhomes-detail/116-Stanyan-St_San-Francisco_CA_94118_M24138-17222
"2,320,000",4,3.5,2435,2585,sqft lot,2585,1.06,0.94,5696 Diamond Heights Blvd,San Francisco,CA,94131,https://www.realtor.com/realestateandhomes-detail/5696-Diamond-Heights-Blvd_San-Francisco_CA_94131_M27793-65485
"2,950,000",4,3.5,1785,1411,sqft lot,1411,0.79,1.27,3160 Baker St,San Francisco,CA,94123,https://www.realtor.com/realestateandhomes-detail/3160-Baker-St_San-Francisco_CA_94123_M23505-48211
"1,399,000",3,2.0,2219,2500,sqft lot,2500,1.13,0.89,231 Edna St,San Francisco,CA,94112,https://www.realtor.com/realestateandhomes-detail/231-Edna-St_San-Francisco_CA_94112_M14728-29765
"1,995,000",3,2.5,2320,2525,sqft lot,2525,1.09,0.92,290 Richland Ave Unit 292,San Francisco,CA,94110,https://www.realtor.com/realestateandhomes-detail/290-Richland-Ave_San-Francisco_CA_94110_M18313-79919
"2,795,000",4,3.0,2100,2883,sqft lot,2883,1.37,0.73,683 Spruce St,San Francisco,CA,94118,https://www.realtor.com/realestateandhomes-detail/683-Spruce-St_San-Francisco_CA_94118_M10663-89726
"4,750,000",3,2.5,-,3192,sqft lot,3192,-,-,2232 Jackson St,San Francisco,CA,94115,https://www.realtor.com/realestateandhomes-detail/2232-Jackson-St_San-Francisco_CA_94115_M14673-82640
"1,495,000",5,3.0,2202,2495,sqft lot,2495,1.13,0.88,773 London St,San Francisco,CA,94112,https://www.realtor.com/realestateandhomes-detail/773-London-St_San-Francisco_CA_94112_M19801-34189
"7,500,000",4,4.5,4660,2461,sqft lot,2461,0.53,1.89,2734 Buchanan St,San Francisco,CA,94123,https://www.realtor.com/realestateandhomes-detail/2734-Buchanan-St_San-Francisco_CA_94123_M20030-34738
"1,395,000",2,1.0,1550,3000,sqft lot,3000,1.94,0.52,1519 47th Ave,San Francisco,CA,94122,https://www.realtor.com/realestateandhomes-detail/1519-47th-Ave_San-Francisco_CA_94122_M15178-43875
"1,749,000",4,3.0,-,2495,sqft lot,2495,-,-,747-749 Rhode Island St,San Francisco,CA,94107,https://www.realtor.com/realestateandhomes-detail/749-Rhode-Island-St_San-Francisco_CA_94107_M14041-74526
"2,195,000",4,3.5,2325,1875,sqft lot,1875,0.81,1.24,546 Utah St,San Francisco,CA,94110,https://www.realtor.com/realestateandhomes-detail/546-Utah-St_San-Francisco_CA_94110_M15028-17476
"5,495,000",4,3.5,3576,2425,sqft lot,2425,0.68,1.47,2741 Buchanan St,San Francisco,CA,94123,https://www.realtor.com/realestateandhomes-detail/2741-Buchanan-St_San-Francisco_CA_94123_M13429-88924
"1,298,000",4,2.0,1853,2495,sqft lot,2495,1.35,0.74,25 Ordway St,San Francisco,CA,94134,https://www.realtor.com/realestateandhomes-detail/25-Ordway-St_San-Francisco_CA_94134_M25539-29278
"1,700,000",2,2.0,1945,2047,sqft lot,2047,1.05,0.95,4087 17th St,San Francisco,CA,94114,https://www.realtor.com/realestateandhomes-detail/4087-17th-St_San-Francisco_CA_94114_M15012-75052
"1,210,000",3,2.0,1498,0.28,acre lot,12196,8.14,0.12,317 Harriet St Unit 1,San Francisco,CA,94103,https://www.realtor.com/realestateandhomes-detail/317-Harriet-St-1_San-Francisco_CA_94103_M99765-78637
"8,980,000",5,5.0,4571,3192,sqft lot,3192,0.7,1.43,3169 Washington St,San Francisco,CA,94115,https://www.realtor.com/realestateandhomes-detail/3169-Washington-St_San-Francisco_CA_94115_M28232-66691
"985,000",2,1.0,1500,1875,sqft lot,1875,1.25,0.8,1119 Mendell St,San Francisco,CA,94124,https://www.realtor.com/realestateandhomes-detail/1119-Mendell-St_San-Francisco_CA_94124_M27285-68857
"1,299,000",3,2.0,2460,1627,sqft lot,1627,0.66,1.51,400 Gaven St,San Francisco,CA,94134,https://www.realtor.com/realestateandhomes-detail/400-Gaven-St_San-Francisco_CA_94134_M19821-95188
"4,995,000",5,5.0,-,2850,sqft lot,2850,-,-,3852 21st St,San Francisco,CA,94114,https://www.realtor.com/realestateandhomes-detail/3852-21st-St_San-Francisco_CA_94114_M11499-57639
"1,298,000",4,2.0,1550,2495,sqft lot,2495,1.61,0.62,2220 Santiago St,San Francisco,CA,94116,https://www.realtor.com/realestateandhomes-detail/2220-Santiago-St_San-Francisco_CA_94116_M18845-29377
"1,195,000",2,1.0,1130,2495,sqft lot,2495,2.21,0.45,646 Monterey Blvd,San Francisco,CA,94127,https://www.realtor.com/realestateandhomes-detail/646-Monterey-Blvd_San-Francisco_CA_94127_M19251-75148
"3,950,000",4,3.5,-,4000,sqft lot,4000,-,-,137 Jordan Ave,San Francisco,CA,94118,https://www.realtor.com/realestateandhomes-detail/137-Jordan-Ave_San-Francisco_CA_94118_M29094-62816
"1,895,000",5,5.5,-,2996,sqft lot,2996,-,-,1222-1224 Funston Ave,San Francisco,CA,94083,https://www.realtor.com/realestateandhomes-detail/1222-1224-Funston-Ave_San-Francisco_CA_94083_M97004-03235
"3,685,000",4,3.5,3320,2922,sqft lot,2922,0.88,1.14,1466 Noe St,San Francisco,CA,94131,https://www.realtor.com/realestateandhomes-detail/1466-Noe-St_San-Francisco_CA_94131_M10297-66751
"1,595,000",2,2.0,-,1300,sqft lot,1300,-,-,3709 25th St,San Francisco,CA,94110,https://www.realtor.com/realestateandhomes-detail/3709-25th-St_San-Francisco_CA_94110_M24291-88796
"6,475,000",4,4.5,4620,3419,sqft lot,3419,0.74,1.35,332 27th St,San Francisco,CA,94131,https://www.realtor.com/realestateandhomes-detail/332-27th-St_San-Francisco_CA_94131_M29309-00180
"1,088,000",3,2.5,1130,2500,sqft lot,2500,2.21,0.45,583 Paris St,San Francisco,CA,94112,https://www.realtor.com/realestateandhomes-detail/583-Paris-St_San-Francisco_CA_94112_M17035-46364
"1,450,000",3,2.0,2078,2812,sqft lot,2812,1.35,0.74,235 Monterey Blvd,San Francisco,CA,94131,https://www.realtor.com/realestateandhomes-detail/235-Monterey-Blvd_San-Francisco_CA_94131_M12838-45947
"2,699,000",4,4.5,2123,,,-,-,-,588 12th Ave,San Francisco,CA,94118,https://www.realtor.com/realestateandhomes-detail/588-12th-Ave_San-Francisco_CA_94118_M10036-59772
"2,950,000",3,3.5,2710,2500,sqft lot,2500,0.92,1.08,415 Cornwall St,San Francisco,CA,94118,https://www.realtor.com/realestateandhomes-detail/415-Cornwall-St_San-Francisco_CA_94118_M26725-89113
"1,325,000",3,2.0,1390,3000,sqft lot,3000,2.16,0.46,2551 28th Ave,San Francisco,CA,94116,https://www.realtor.com/realestateandhomes-detail/2551-28th-Ave_San-Francisco_CA_94116_M13809-91961
"1,500,000",6,3.0,2411,4990,sqft lot,4990,2.07,0.48,84 Ervine St,San Francisco,CA,94134,https://www.realtor.com/realestateandhomes-detail/84-Ervine-St_San-Francisco_CA_94134_M14570-32154
"1,595,000",4,2.0,2465,3025,sqft lot,3025,1.23,0.81,923 Central Ave,San Francisco,CA,94115,https://www.realtor.com/realestateandhomes-detail/923-Central-Ave_San-Francisco_CA_94115_M12242-85524
"3,300,000",4,3.5,2972,1947,sqft lot,1947,0.66,1.53,2959 23rd St,San Francisco,CA,94110,https://www.realtor.com/realestateandhomes-detail/2959-23rd-St_San-Francisco_CA_94110_M17350-21564
"1,098,000",4,2.5,1800,2495,sqft lot,2495,1.39,0.72,937 Olmstead St,San Francisco,CA,94134,https://www.realtor.com/realestateandhomes-detail/937-Olmstead-St_San-Francisco_CA_94134_M13899-53458
"1,750,000",4,3.0,1865,2996,sqft lot,2996,1.61,0.62,1658 41st Ave,San Francisco,CA,94122,https://www.realtor.com/realestateandhomes-detail/1658-41st-Ave_San-Francisco_CA_94122_M15639-04580
"1,428,000",3,2.0,1190,2500,sqft lot,2500,2.1,0.48,715 Cayuga Ave,San Francisco,CA,94112,https://www.realtor.com/realestateandhomes-detail/715-Cayuga-Ave_San-Francisco_CA_94112_M22021-35632
"1,398,000",4,2.0,1845,3125,sqft lot,3125,1.69,0.59,170 Thrift St,San Francisco,CA,94112,https://www.realtor.com/realestateandhomes-detail/170-Thrift-St_San-Francisco_CA_94112_M16201-71078
"1,678,000",5,3.0,1850,2060,sqft lot,2060,1.11,0.9,2491 33rd Ave,San Francisco,CA,94116,https://www.realtor.com/realestateandhomes-detail/2491-33rd-Ave_San-Francisco_CA_94116_M12306-61149
"4,995,000",5,3.5,4458,,,-,-,-,1428-1430 Masonic Ave,San Francisco,CA,94117,https://www.realtor.com/realestateandhomes-detail/1428-1430-Masonic-Ave_San-Francisco_CA_94117_M92794-51610
"1,995,000",5,2.0,2185,1750,sqft lot,1750,0.8,1.25,200 Ellsworth St,San Francisco,CA,94110,https://www.realtor.com/realestateandhomes-detail/200-Ellsworth-St_San-Francisco_CA_94110_M17721-64336
"1,775,000",3,2.0,-,3900,sqft lot,3900,-,-,156 Midcrest Way,San Francisco,CA,94131,https://www.realtor.com/realestateandhomes-detail/156-Midcrest-Way_San-Francisco_CA_94131_M29442-60983
"1,520,000",4,2.0,1936,2443,sqft lot,2443,1.26,0.79,2301 26th Ave,San Francisco,CA,94116,https://www.realtor.com/realestateandhomes-detail/2301-26th-Ave_San-Francisco_CA_94116_M20880-38689
"1,695,000",7,3.0,2389,3000,sqft lot,3000,1.26,0.8,1353 48th Ave,San Francisco,CA,94122,https://www.realtor.com/realestateandhomes-detail/1351-48th-Ave_San-Francisco_CA_94122_M20935-02261
"2,198,000",1,1.0,735,2395,sqft lot,2395,3.26,0.31,276 Grand View Ave,San Francisco,CA,94114,https://www.realtor.com/realestateandhomes-detail/276-Grand-View-Ave_San-Francisco_CA_94114_M17057-53278
"1,299,000",3,3.0,1453,3000,sqft lot,3000,2.06,0.48,256 Madison St,San Francisco,CA,94134,https://www.realtor.com/realestateandhomes-detail/256-Madison-St_San-Francisco_CA_94134_M26395-66414
"1,998,000",4,2.0,1983,2848,sqft lot,2848,1.44,0.7,100 Panorama Dr,San Francisco,CA,94131,https://www.realtor.com/realestateandhomes-detail/100-Panorama-Dr_San-Francisco_CA_94131_M27694-09181
"1,238,888",4,3.0,1725,2495,sqft lot,2495,1.45,0.69,550 Moscow St,San Francisco,CA,94112,https://www.realtor.com/realestateandhomes-detail/550-Moscow-St_San-Francisco_CA_94112_M29960-89686
"2,500,000",4,3.0,3128,1750,sqft lot,1750,0.56,1.79,112-120 Putnam St,San Francisco,CA,94110,https://www.realtor.com/realestateandhomes-detail/112-Putnam-St_San-Francisco_CA_94110_M10928-43470
"1,300,000",2,1.0,850,1438,sqft lot,1438,1.69,0.59,1210 48th Ave,San Francisco,CA,94122,https://www.realtor.com/realestateandhomes-detail/1210-48th-Ave_San-Francisco_CA_94122_M23107-25440
"2,600,000",5,4.5,2536,3000,sqft lot,3000,1.18,0.85,519 4th Ave Unit 521,San Francisco,CA,94118,https://www.realtor.com/realestateandhomes-detail/519-4th-Ave_San-Francisco_CA_94118_M25993-24270
"3,295,000",4,3.0,2717,4147,sqft lot,4147,1.53,0.66,281 Edgewood Ave,San Francisco,CA,94117,https://www.realtor.com/realestateandhomes-detail/281-Edgewood-Ave_San-Francisco_CA_94117_M22726-54168
"1,899,000",3,2.0,1635,2874,sqft lot,2874,1.76,0.57,5624 Fulton St,San Francisco,CA,94121,https://www.realtor.com/realestateandhomes-detail/5624-Fulton-St_San-Francisco_CA_94121_M21895-73861
"1,750,000",3,2.0,1732,2996,sqft lot,2996,1.73,0.58,366 32nd Ave,San Francisco,CA,94121,https://www.realtor.com/realestateandhomes-detail/366-32nd-Ave_San-Francisco_CA_94121_M17609-89628
"7,900,000",3,3.5,3525,4163,sqft lot,4163,1.18,0.85,3075 Pacific Ave,San Francisco,CA,94115,https://www.realtor.com/realestateandhomes-detail/3075-Pacific-Ave_San-Francisco_CA_94115_M23457-69611
"6,495,000",6,6.5,6938,5611,sqft lot,5611,0.81,1.24,1823 Jackson St,San Francisco,CA,94109,https://www.realtor.com/realestateandhomes-detail/1823-Jackson-St_San-Francisco_CA_94109_M13486-16081
"1,849,000",3,2.5,1755,2038,sqft lot,2038,1.16,0.86,739 Congo St,San Francisco,CA,94131,https://www.realtor.com/realestateandhomes-detail/739-Congo-St_San-Francisco_CA_94131_M29603-03008
"945,000",1,1.0,560,1750,sqft lot,1750,3.12,0.32,131 Moultrie St,San Francisco,CA,94110,https://www.realtor.com/realestateandhomes-detail/131-Moultrie-St_San-Francisco_CA_94110_M13725-61635
"1,500,000",3,2.0,1530,2590,sqft lot,2590,1.69,0.59,95 Rae Ave,San Francisco,CA,94112,https://www.realtor.com/realestateandhomes-detail/95-Rae-Ave_San-Francisco_CA_94112_M25381-05773
"2,749,000",3,2.0,1697,3123,sqft lot,3123,1.84,0.54,222 Roosevelt Way,San Francisco,CA,94114,https://www.realtor.com/realestateandhomes-detail/222-Roosevelt-Way_San-Francisco_CA_94114_M26084-57575
"1,190,000",2,1.0,1200,2199,sqft lot,2199,1.83,0.55,839 Garfield St,San Francisco,CA,94132,https://www.realtor.com/realestateandhomes-detail/839-Garfield-St_San-Francisco_CA_94132_M18882-62269
"9,495,000",5,4.5,5445,3438,sqft lot,3438,0.63,1.58,2644 Filbert St,San Francisco,CA,94123,https://www.realtor.com/realestateandhomes-detail/2644-Filbert-St_San-Francisco_CA_94123_M25496-97407
"2,998,000",3,2.5,1430,3608,sqft lot,3608,2.52,0.4,740 Francisco St,San Francisco,CA,94133,https://www.realtor.com/realestateandhomes-detail/740-Francisco-St_San-Francisco_CA_94133_M97893-91290
